,Datetime,Tweet ID,Tweet text
0,2021-05-13 14:17:40+00:00,1392846509683605508,"рдПрдХ рдмреАрдШрд╛ рдХреЗ рдИрджрдЧрд╛рд╣ рдореЗрдВ рдирдорд╛рдЬ рд╕рд┐рд░реНрдл рдкрд╛рдБрдЪ рд▓реЛрдЧ рдкрдврд╝реЗрдВредрдпреЗ рдмрддрд╛рдиреЗ рдХреЗ рд▓рд┐рдП рдПрдХ рдЧрд╛рдбрд╝реА рдореЗрдВ рдкреБрд▓рд┐рд╕ рд╡рд╛рд▓реЗ рднреА рдЖрда рдЖрддреЗ рд╣реИрдВ ред
@BalliaKhabar @ravishndtv
@BBCWorld @dhruv_rathee #COVID19India #Covid19IndiaHelp #COVID19 #YogiHataoUPBachao"
1,2021-05-13 14:12:26+00:00,1392845192223367179,"рд╣рд╛рд▓рд╛рдВрдХрд┐ рдХрд┐рд╕реА рднреА рдореМрд╕рдореА рдлреНрд▓реВ, рдЦрд╛рдВрд╕реА рд╡ рд╕рд░реНрджреА рд╕реЗ рдЙрдмрд░ рдЪреБрдХреЗ рд▓реЛрдЧреЛрдВ рдХреЛ рдЯреВрдердмреНрд░рд╢ рдФрд░ рдЯрдВрдЧ рдХреНрд▓реАрдирд░ рдмрджрд▓ рд▓реЗрдирд╛ рдЪрд╛рд╣рд┐рдП рд▓реЗрдХрд┐рди рдпреЗ рдХрдореНрдкрд▓рд╕рд░реА рд╣реЛ рдЬрд╛рддрд╛ рд╣реИ рдЬрдм рдЖрдк рдХреЛрд╡рд┐рдб рд╕реЗ рд░рд┐рдХрд╡рд░ рд╣реБрдП рд╣реЛрдВред

рдЕрдзрд┐рдХрд╛рдВрд╢ рдбреЗрдВрдЯрд┐рд╕реНрдЯ рдХрд╛ рдорд╛рдирдирд╛ рд╣реИ рдХрд┐ рдХреЛрд╡рд┐рдб рдирд┐рдЧреЗрдЯрд┐рд╡ рд╣реБрдП рд▓реЛрдЧреЛрдВ рдХрд╛ рдЯреВрдердмреНрд░рд╢ рдЙрдиреНрд╣реЗрдВ рджреЛрдмрд╛рд░рд╛ рд╕рдВрдХреНрд░рдорд┐рдд рдХрд░ рд╕рдХрддрд╛ рд╣реИред
#Covid19IndiaHelp"
2,2021-05-13 14:10:25+00:00,1392844685035458560,@CspdclOfficial walo bijli kb aayegi korba gramin mn aisi kya dusmani gaon k logo se pehle hi corona se pareshan upr se bijli katauti fr barish ki maar kaise bachaye covid marijo ko @bhupeshbaghel @ChhattisgarhCMO @PMOIndia #Covid19IndiaHelp #COVIDEmergency #COVIDEmergency2021
3,2021-05-13 14:08:08+00:00,1392844109350539264,"рдирд╛ рдХрд╝рдж рдмрдбрд╝рд╛ , рдирд╛ рдкрдж рдмрдбрд╝рд╛ рдЬреЛ рдЗрд╕ Corona рдХреЗ рд╕рдВрдХрдЯ рдореЗрдВ рдХрд╛рдо рдЖрдпреЗрдВ рд╡реЛ рд╕рдмрд╕реЗ рдмрдбрд╝рд╛ тЬНя╕П ЁЯЩП 
@SachinPilot 
@PilotWithPeople 
#Covid19IndiaHelp 
#COVID19 https://t.co/JgDq5q5VVS"
4,2021-05-13 14:00:12+00:00,1392842113608343557,"рдЧрд╛рдЬреАрдкреБрд░ рдЬрд┐рд▓реЗ рдореЗрдВ рдХреЛрд░реЛрдирд╛реЕ рдЗрд▓рд╛рдЬрд╝ рд╕рдВрдмрдВрдзрд┐рдд рдХрд┐рд╕реА рдХреЛ рдХреЛрдИ рд╕рдорд╕реНрдпрд╛ рд╣реЛ рдЬреИрд╕реЗ ( рдмреЗрдб рдирд╛ рдорд┐рд▓рдиреЗ , рдЖрдХреНрд╕реАрдЬрди рдирд╛ рдорд┐рд▓рдиреЗ рдпрд╛ рдлрд┐рд░ рдХреЛрдИ рджрд╡рд╛рдИ ) 
рддреЛ рдореБрдЭреЗ рд╕рдВрдкрд░реНрдХ рдХрд░реЗрдВред рдЧрд╛рдЬреАрдкреБрд░ @AdminGhazipur рдЬреА рдХреЗ рдирд┐рд░реНрджреЗрд╢рд╛рдирд╕рд╛рд░ рдмреНрд▓реЙрдХ рд╕реЗ рддреБрд░рдВрдд рдорджрдж рдорд┐рд▓реЗрдЧрд╛ ЁЯЩПЁЯЩП
@myogioffice
#Covid19IndiaHelp #Ghazipur #up"
5,2021-05-13 13:58:45+00:00,1392841748414533634,"@chitraaum рдЧрд╛рдЬреАрдкреБрд░ рдЬрд┐рд▓реЗ рдореЗрдВ рдХреЛрд░реЛрдирд╛реЕ рдЗрд▓рд╛рдЬрд╝ рд╕рдВрдмрдВрдзрд┐рдд рдХрд┐рд╕реА рдХреЛ рдХреЛрдИ рд╕рдорд╕реНрдпрд╛ рд╣реЛ рдЬреИрд╕реЗ ( рдмреЗрдб рдирд╛ рдорд┐рд▓рдиреЗ , рдЖрдХреНрд╕реАрдЬрди рдирд╛ рдорд┐рд▓рдиреЗ рдпрд╛ рдлрд┐рд░ рдХреЛрдИ рджрд╡рд╛рдИ ) 
рддреЛ рдореБрдЭреЗ рд╕рдВрдкрд░реНрдХ рдХрд░реЗрдВред рддреБрд░рдВрдд рдорджрдж рдорд┐рд▓реЗрдЧрд╛ ЁЯЩПЁЯЩП
#Covid19IndiaHelp #Ghazipur #up"
6,2021-05-13 13:38:59+00:00,1392836776406831113,"'рддреЗрд░рд╛ рдореБрдЭрд╕реЗ рд╣реИ рдкрд╣рд▓реЗ рдХрд╛ рдирд╛рддрд╛ рдХреЛрдИ'...рдЧреАрдд рдЧрд╛рддреЗ рд╣реБрдП рдмреЗрдЯреЗ рдиреЗ рдорд╛рдБ рдХреЛ рдХрд┐рдпрд╛ рдЕрд▓рд╡рд┐рджрд╛, Video Call рдХреЗ рдЬрд░рд┐рдП рдбреЙрдХреНрдЯрд░ рдиреЗ рдХрд░рд╡рд╛рдпреА рдЖрдЦрд░реА рдореБрд▓рд╛рдХрд╛рдд
https://t.co/QPLELvlaWW
@DipshikhaGhosh #Covid19IndiaHelp #VaccineShortage #OxygenCrisis"
7,2021-05-13 13:33:03+00:00,1392835282269925377,"рдмреЗрд╕рд╣рд╛рд░рд╛ рдмрдЪреНрдЪреЛрдВ рдХрд╛ рд╕рд╣рд╛рд░рд╛ рдмрдиреЗ рдорд╛рдорд╛ рд╢рд┐рд╡рд░рд╛рдЬ' рдХреЛрд░реЛрдирд╛ рд╕реЗ рдЕрдирд╛рде рд╣реБрдП рдмрдЪреНрдЪреЛрдВ рдХреА рдкреВрд░реА рдЬрд┐рдореНрдореЗрджрд╛рд░реА,5000 рдкреЗрдВрд╢рди,рд░рд╛рд╢рди рдФрд░ рдирд┐рдГрд╢реБрд▓реНрдХ рд╢рд┐рдХреНрд╖рд╛ рджреЗрдЧреА рд╕рд░рдХрд╛рд░.
@ChouhanShivraj рдЬреА рдХреА рджреВрд░рджрд░реНрд╢рд┐рддрд╛ рдФрд░ рд╕рдВрд╡реЗрджрдирд╢реАрд▓ рдХреЛ рд╕реЗрд▓реНрдпреВрдЯред @BJP4MP #BJP #COVID19Vaccination #Covid19IndiaHelp #COVID19India #MadhyaPradesh"
8,2021-05-13 13:26:15+00:00,1392833569815289867,рдХрд░реЛрдирд╛ рдорд╣рд╛рдорд╛рд░реА рд╕реЗ рд╣рдореЗрдВ рд▓рдбрд╝рдирд╛ рд╣реА рдирд╣реАрдВ рдЬрд┐рддрдирд╛ рднреА рд╣реИ рдРрд╕реЗ рд▓реЛрдЧреЛрдВ рдХреА рдорджрдж рдЬрд░реВрд░ рдХрд░реЗрдВ рдЬреЛ рд╣рд╛рд▓рд╛рдд рд╕реЗ рдФрд░ рдХрд┐рд╕реНрдордд рд╕реЗ рдордЬрдмреВрд░ рд╣реИрдВ рддрд╛рдХрд┐ рдЗрд╕ рдорд╣рд╛рдорд╛рд░реА рдХрд╛ рдЬреНрдпрд╛рджрд╛ рдкреНрд░рднрд╛рд╡ рдирд╛ рдкрдбрд╝реЗ рдЗрди рдордЬрдмреВрд░ рд▓реЛрдЧреЛрдВ #myogi  #PMOIndia  #Covid19IndiaHelp https://t.co/nsd6HNppRA
9,2021-05-13 13:23:57+00:00,1392832989919391744,"#COVIDEmergencyIndia
#Covid19IndiaHelp
#COVID19India 
#COVIDIndiaSOS
#COVID19 
рдРрд╕реА рдХрдИ рдФрд░ рд▓рд╛рд╢реЗрдВ рднреА  рд╣реИрдВ 
рдЬреЛ рдЦрдбрд╝реА рд╣реИрдВ рдЙрд╕ рд╢рдЦрд╝реНрд╕ рдХреЗ рд╕рдорд░реНрдерди рдореЗрдВ 
рдЬреЛ рдЗрди рд▓рд╛рд╢реЛрдВ рдХреЗ рд▓рд┐рдП рдЬрд╝рд┐рдореНрдореЗрджрд╛рд░ рд╣реИ https://t.co/fpNBfOLrU6"
10,2021-05-13 13:18:56+00:00,1392831727752544256,"#SOSDelhi
рдЖрдЬ рд╣рдорд╛рд░рд╛ рдореЗрдбрд┐рдХрд▓ - рд░рд╛рд╣рдд рд╡рд┐рддрд░рдг рдЕрднрд┐рдпрд╛рди рд╡рдЬрд╝реАрд░рдкреБрд░ рдЭреБрдЧреНрдЧрд┐рдпреЛрдВ рдореЗрдВ рдкрд╣реБрдЪрд╛. рднрд╛рдХрдкрд╛-рдорд╛рд▓реЗ рджрд┐рд▓реНрд▓реА рд╕рдЪрд┐рд╡ рд░рд╡рд┐ рд░рд╛рдп рдХреЗ рд╕рд╛рде рдХреЙрдорд░реЗрдб рд╢реНрд░реАрдХрд╛рдВрдд ,рд╕реАрддрд╛ рджреЗрд╡реА рдФрд░ рдореБрдиреНрдирд╛ рдпрд╛рджрд╡ рдХреА рдЯреАрдо рдиреЗ рд╡рдЬреАрд░рдкреБрд░ рдЭреБрдЧреНрдЧрд┐рдпреЛрдВ рдореЗрдВ рдореЗрдбрд┐рдХрд▓ рдХрд┐рдЯ рдХрд╛ рд╡рд┐рддрд░рдг рдХрд┐рдпрд╛!
#COVID19
#Covid19IndiaHelp

AISA-AICCTU-RYA-CPI(ML). https://t.co/Lbnbie41HP"
11,2021-05-13 13:18:18+00:00,1392831569262354435,"рдЬреНрдпрд╛рджрд╛ рдХрд░реНрдордЪрд╛рд░рд┐рдпреЛрдВ рдХреЛрд╡рд┐рдб рдкреЛрдЬреЗрдЯрд┐рд╡ рд╣реИ рдЙрдиреНрд╣реЛрдВрдиреЗ рдЖрд╕реНрд╡рд╕реНрде рдХрд┐рдпрд╛ рдХрд┐ рдЬрд▓реНрдж рд╣реА рдЖрд▓реЛрдЯ рдореЗрдВ 18рд╕реЗ 44 рдХрд╛ рд╡реИрдХреНрд╕реАрдиреЗрд╢рди рд╣реЛрдЧрд╛ WCREU рд╣рд░ рдХрд░реНрдордЪрд╛рд░рд┐рдпреЛрдВ рдХреЗ рд╕рд╛рде рдХрдВрдзреЗ рд╕реЗ рдХрдВрдзрд╛ рдорд┐рд▓рд╛рдХрд░ рдЦрдбрд╝рд╛ рд╣реИ
#kota #WCREU #Covid19IndiaHelp #COVID19 #FightAgainstCOVID19"
12,2021-05-13 13:17:40+00:00,1392831409887215617,"#SOSDelhi
рдЖрдЬ рд╣рдорд╛рд░рд╛ рдореЗрдбрд┐рдХрд▓ - рд░рд╛рд╣рдд рд╡рд┐рддрд░рдг рдЕрднрд┐рдпрд╛рди рд╡рдЬрд╝реАрд░рдкреБрд░ рдЭреБрдЧреНрдЧрд┐рдпреЛрдВ рдореЗрдВ рдкрд╣реБрдЪрд╛. рднрд╛рдХрдкрд╛-рдорд╛рд▓реЗ рджрд┐рд▓реНрд▓реА рд╕рдЪрд┐рд╡ рд░рд╡рд┐ рд░рд╛рдп(@ravirai2015 )рдХреЗ рд╕рд╛рде рдХреЙрдорд░реЗрдб рд╢реНрд░реАрдХрд╛рдВрдд ,рд╕реАрддрд╛ рджреЗрд╡реА рдФрд░ рдореБрдиреНрдирд╛ рдпрд╛рджрд╡ рдХреА рдЯреАрдо рдиреЗ рд╡рдЬреАрд░рдкреБрд░ рдЭреБрдЧреНрдЧрд┐рдпреЛрдВ рдореЗрдВ рдореЗрдбрд┐рдХрд▓ рдХрд┐рдЯ рдХрд╛ рд╡рд┐рддрд░рдг рдХрд┐рдпрд╛!
#COVID19
#Covid19IndiaHelp

AISA-AICCTU-RYA-CPI(ML). https://t.co/o5M8waXcei"
13,2021-05-13 13:16:21+00:00,1392831078964944901,"Free #OxygenCylinder Hindupuram 
Anathpuram Distric Andhrapradesh
IRFATH BHAI FAIROZ BHAI RAFIQ BHAI
SIDDIQ BHAI DC. ZABI BHAI 
#Covid19IndiaHelp https://t.co/SVclsYcvwE"
14,2021-05-13 13:13:51+00:00,1392830449064419332,"рдЖрдЬ рд╕реЗ рдирд┐рд╢реНрдЪрд┐рдд рд╕рдордп рдХреЗ рд▓рд┐рдП рдирд┐рд╢реБрд▓реНрдХ рдСрдХреНрд╕реАрдЬрди рдХрдВрд╕рдВрдЯреНрд░реЗрдЯрд░ рдорд┐рд▓реЗрдЧрд╛ред рдбреЙрдХреНрдЯрд░ рдХрд╛ рдкрд░реНрдЪрд╛, рд░рд┐рдлрд░реЗрдВрд╕ рд▓реЗрдЯрд░, рдПрдлрд┐рдбреЗрд╡рд┐рдЯ, рдЖрдзрд╛рд░ рдХрд╛рд░реНрдб (рдорд░реАрдЬ рдХрд╛ рдФрд░ рд▓реЗрдиреЗ рд╡рд╛рд▓реЗ рдХрд╛), рдЬрд╝рдорд╛рдирдд рд░рд╛рд╢реА рдПрд╡рдВ рдлреЙрд░реНрдо рднрд░рдирд╛ рдЬрд░реВрд░реА рдХрд╛рдЧрдЬрд╛рдд рдЖрд╡рд╢реНрдпрдХ рд╣реИред рд╡реИрд╖реНрдгрд╡реА рд▓рд╛рди #Gorakhpur  ,07376215100, 09336774210
#Covid19IndiaHelp
#OxygenConcentrators"
15,2021-05-13 13:06:20+00:00,1392828559840858117,"@OfficeVRaje #Covid19IndiaHelp @ashokgehlot51 @RubikaLiyaquat @VasundharaBJP 
рдСрдХреНрд╕реАрдЬрди рдмреЗрдб рдХреА рдЖрд╡рд╢реНрдХрддрд╛ рд╣реИ рдЕрд▓рд╡рд░ рдореЗрдВ ред рдХреГрдкрдпрд╛ рдЬрд▓реНрдж рдорджрдд рдХрд░реЗред ЁЯЩПЁЯЩП
рдкреЗрд╢реЗрдВрдЯ рдирд╛рдо рд░рд╛рдЬ рдирд╛рд░рд╛рдпрдг
рдореЛрдмрд╛рдЗрд▓ рдирдореНрдмрд░ 9602512461"
16,2021-05-13 13:05:43+00:00,1392828402042765313,"рдмрд░рдЧрд▓рд╛рдиреЗ рдФрд░ рдЧреБрдорд░рд╛рд╣ рдХрд░рдХреЗ рд░рд╛рдЬрдиреАрддрд┐рдХ рдкрд╛рд░реНрдЯрд┐рдпрд╛рдБ рдЖрдЦрд┐рд░ рдХрдм рддрдХ рдЧрд░реАрдмреЛрдВ рдХрд╛ рджреЛрд╣рди рдХрд░рддреА рд░рд╣реЗрдВрдЧреА #OxygenCrisis #Ventilators  #COVIDEmergency2021  #Covid19IndiaHelp 
@bjp @BJP4UP @CMOfficeUP @yadavakhilesh @BSP_For_India @AkashPN24 @vipinunnao11 @VishalIndia5 
@SonuSood @jyotiSTP  @MamataOfficial"
17,2021-05-13 12:50:09+00:00,1392824486689271819,"рддреБрдЭрд╕реЗ рд╣реА рддреЛ рдЬрд╝рд┐рдВрджрд╛ рд╣реВрдБ рдореИрдВ рдУ рдореЗрд░реЗ рд╣рд┐рдВрджреБрд╕реНрддрд╛рди

#Covid19IndiaHelp 
#COVIDEmergency2021 
#IndiaFightsCOVID19 https://t.co/o9DZzGWdlv"
18,2021-05-13 12:48:30+00:00,1392824068760473600,"рднрд╛рд░рдд рдХреЗ #рдЙрджреНрдпреЛрдЧрдкрддрд┐рдпреЛрдВ рд╕реЗ рдЕрдкреАрд▓
рдпрджрд┐ рджреЗрд╢ рдирд╣реАрдВ рдмрдЪ рдкрд╛рдпрд╛ рддреЛ
рдЗрд╕ рдзрди рдХреЛ рдХрд╣рд╛рдБ рд╕рд╣реЗрдЬреЛрдЧреЗ
рдпрджрд┐ рдмрд┐рдирд╛ рдореМрдд рдорд░ рдЧрдП рд╕рднреА
рдпрд╣ рдзрди рдлрд┐рд░ рдХрд┐рд╕рдХреЛ рднреЗрдЬреЛрдЧреЗ
рдЗрд╕рд▓рд┐рдП рддрд┐рдЬреЛрд░реА рдЦреЛрд▓ рдЦреЛрд▓
рдЪрд▓ рджрд╛рдирд╡реАрд░ рдХреА рд░рд╛рд╣ рдЪрд▓реЛред
#рднрд╛рд░рдд рдХреЗ рднрд╛рдорд╛рд╢рд╛рд╣ рдЪрд▓реЛ.......
#Covid19IndiaHelp
#CovidHelp #CoronaSecondWave"
19,2021-05-13 12:46:44+00:00,1392823623958765575,"рдЬреЛ рднреА рд░рд╕реНрдореЗ рдЖрдк рдиреЗ рдХрд╣реАрдВ рд╣рдо рд╡реЛ рд╕рд╛рд░реА рдирд┐рднрд╛рддреЗ рд╣реИ
(Thali peetna se diya jalane tak)
рдЗрди рдХрд░реЛрдбреЛ рдХреА рддрд░рдл рд╕реЗ рдореИрдВ рд╕рд░ рдЭреБрдХрд╛рдд рд╣реВрдБ рдЖрдк рдХреЛ ред
.... Plss рдЕрдм рдЖ рдЬрд╛рдУ рдкреНрд░рднреБ рдХреЛ #Covid19IndiaHelp"
20,2021-05-13 12:17:55+00:00,1392816373919752192,"рдмрд┐рд╣рд╛рд░ рдореЗрдВ рдХреЛрд░реЛрдирд╛ рд╕рдВрдмрдВрдзрд┐рдд рдХрд┐рд╕реА рднреА рд╕рд╣рд╛рдпрддрд╛ рдХреЗ рд▓рд┐рдП @iMurariKumar @vivekanshu98 @KissanSatyagrah @JacBHU рдХреЛ рдЯреИрдЧ рдХрд░реЗрдВ.рдЖрдкрдХреА рд╣рд░ рд╕рдореНрднрд╡ рдорджрдж рдХрд░рдиреЗ рдХрд░рдиреЗ рдХреА рдХреЛрд╢рд┐рд╢ рдХреА рдЬрд╛рдПрдЧреА.
рдзрдиреНрдпрд╡рд╛рдж.
#Covid19IndiaHelp 
#COVIDEmergency 
#COVID19India 
#CovidResources https://t.co/3x1kS8YVZw"
21,2021-05-13 12:13:11+00:00,1392815182921879552,"рдУрд░ рд╢реНрд░реА рдЧреБрдкреНрддрд╛ рдиреЗ рдмрддрд╛рдпрд╛ рдХрд┐ рдореАрдбрд┐рдпрд╛рдХрд░реНрдорд┐рдпреЛрдВ рдХреЗ рд▓рд┐рдП рдмрдиреЗ 40 рдмреЗрдбреЛрдВ рд╡рд╛рд▓реЗ рдЗрд╕ рдХреЛрд╡рд┐рдб рдЕрд╕реНрдкрддрд╛рд▓ рдореЗрдВ рдХреЛрд░реЛрдирд╛ рд╕рдВрдХреНрд░рдорд┐рдд рдореАрдбрд┐рдпрд╛ рдХрд░реНрдорд┐рдпреЛрдВ рдХрд╛ рдЗрд▓рд╛рдЬ рд╣реЛрдЧрд╛ред

#coronavirus 
#media
#SocialMedia
#Jharkhand
#BannaGuptah
#COVID19India
#Covid19IndiaHelp
#CovidHospital
#CoronavirusPandemic"
22,2021-05-13 12:04:23+00:00,1392812970271547394,"рдЗрдирдХрд╛ tweet рджреЗрдЦ рдХреЗ рд▓рдЧрддрд╛ рд╣реИ рд╡рд┐рдзрд╛рдпрдХ рдирд┐рдзрд┐ рдЗрдирдХреЗ рдШрд░ рд╕реЗ рдЖрддреА рд╣реИред рдЬреЛ рдпреЗ рд▓реЛрдЧреЛрдВ рдкреЗ рджрдпрд╛ рдХрд░рдХреЗ рдЦрд░реНрдЪ рдХрд░рддреЗ рд╣реИрдВред

рдХреЛрдИ рдмрддрд╛рдП рдЗрдиреНрд╣реЗрдВ рд╡реЛ рд╡рд┐рдзрд╛рдпрдХ рдирд┐рдзрд┐ рдРрд╕реЗ рдХрд╛рдореЛрдВ рдХреЗ рд▓рд┐рдП рд╣реИред

#COVID19 #Covid19IndiaHelp https://t.co/RCylmToxU8"
23,2021-05-13 11:18:54+00:00,1392801520081457152,"рдХреЛрд╡рд┐рд╢реАрд▓реНрдб рдХреА рдЦреБрд░рд╛рдХ 12-16 рд╣рдлрд╝реНрддреЗ рдореЗрдВ рд▓реЗрдиреЗ рдХреА рд╕рд┐рдлрд╛рд░рд┐рд╢ рдЕрдм рдХреНрдпреЛрдВ? -
#Covid19IndiaHelp #Corona #COVID19 #coronavirus https://t.co/OBe1bAHjio via"
24,2021-05-13 11:15:14+00:00,1392800599993987076,"#covid19indiahelp 

#рдХреЛрд░реЛрдирд╛ рдХреА рджреВрд╕рд░реА рд▓рд╣рд░ рдореЗрдВ #DRDO рдиреЗ рдмрджрд▓ рджреА рд╣реИ рдЕрдкрдиреА рдкреНрд░рд╛рдердорд┐рдХрддрд╛, рдЕрд╕реНрдкрддрд╛рд▓ рд╕реЗ рд▓реЗрдХрд░ рдЬреАрд╡рди рд░рдХреНрд╖рдХ рджрд╡рд╛рдЗрдпрд╛рдВ рдмрдирд╛рдиреЗ рдореЗрдВ рдЭреЛрдВрдХреА рддрд╛рдХрдд рдЭреЛрдВрдХ рджреАред

DRDO рдиреЗ рдЕрдкрдиреА рдкреВрд░реА рддрд╛рдХрдд рдЗрди рджрд┐рдиреЛрдВ рдХреЛрд░реЛрдирд╛ рдХреЗ рдЦрд┐рд▓рд╛рдл рд▓рдбрд╝рд╛рдИ рдореЗрдВ рд▓рдЧрд╛ рджрд┐рдпрд╛ рд╣реИред

DRDO рдиреЗ 9 рд╢рд╣рд░реЛрдВ рдореЗрдВ рдЕрд╕реНрдкрддрд╛рд▓ рдЦреЛрд▓ рджрд┐рдпрд╛ рд╣реИред
 #рдСрдХреНрд╕реАрдЬрди рдХреЗ рдЙрддреНрдкрд╛рджрди https://t.co/B3ayR3KtxD"
25,2021-05-13 11:02:08+00:00,1392797302188756993,"рдЕрдЧрд░ 6 рдорд╣реАрдиреЗ рдмрд╛рдж рднреА рд╕рд░рдХрд╛рд░ рд╡реИрдХреНрд╕реАрди рдХрд╛ рдЗрдВрддрдЬрд╝рд╛рдо рдирд╣реАрдВ рдХрд░ рдкрд╛рдП рддреЛ рдкрд╣рд▓реЗ рдФрд░ рджреВрд╕рд░реЗ рдбреЛрдЬ рдХреЗ рдмреАрдЪ рдХреЗ рдЕрдВрддрд░рд╛рд▓ рдХреЛ 1 рд╕рд╛рд▓ рдХрд░ рджрд┐рдпрд╛ рдЬрд╛рдПрдЧрд╛ред

рдЕрдкрдиреА рдирд╛рдХрд╛рдорд┐рдпреЛрдВ рдХреЛ рдЫрд┐рдкрд╛рдиреЗ рдХреЗ рд▓рд┐рдП рдФрд░ рдХрд┐рддрдирд╛ рдиреАрдЪреЗ рдЧрд┐рд░реЗрдЧреА рд╕рд░рдХрд╛рд░ ?
#рд╡реИрдХреНрд╕реАрди_рджреЛ_рд╕рд░рдХрд╛рд░ #Covid19IndiaHelp #COVIDEmergency #рд╡реЗрдХреНрд╕рд┐рдиреЗрд╢рди https://t.co/PzFKShR3yL https://t.co/7Go6BreHqd"
26,2021-05-13 10:58:01+00:00,1392796266099187714,"рдЕрдлрд╡рд╛рд╣реЛрдВ рдкрд░ рдзреНрдпрд╛рди рдордд рджреАрдЬрд┐рдП..
'рддрддреНрдХрд╛рд▓ рд╡реИрдХреНрд╕реАрди рд▓рдЧрд╡рд╛рдЗрдП'
рдХреЛрд░реЛрдирд╛ рдХреЗ рдЦрд┐рд▓рд╛рдл рдЬрдВрдЧ рдореЗрдВ 'рд╡реИрдХреНрд╕реАрди рд╕рдмрд╕реЗ рдмрдбрд╝рд╛ рд╣рдерд┐рдпрд╛рд░' рдорд╛рдирд╛ рдЬрд╛ рд░рд╣рд╛ рд╣реИред

рдЖрдЬ рд╕реЗ рдореИрдВ рднреА рдХреЛрд╡рд┐рд╢рд┐рд▓реНрдб рд╡рд╛рд▓рд╛ рд╣реЛ рдЧрдпрд╛ред
ЁЯШКЁЯТЙ #Covishield #COVID19Vaccination #covidvacccine #Covid19IndiaHelp https://t.co/ozWnQvoHiz"
27,2021-05-13 10:53:40+00:00,1392795173348773897,"18 рд╡рд░реНрд╖ рд╕реЗ рдКрдкрд░ рдЖрдпреБ рд╡рд╛рд▓реЗ рд▓реЛрдЧ рднреА рдЕрдкрдирд╛ рд╡реИрдХреНрд╕реАрдиреЗрд╢рди рдЬрд░реВрд░ рдХрд░рд╛рдПрдВ

рд╡реИрдХреНрд╕реАрди рдкреВрд░реА рддрд░рд╣ рд╕реЗ рд╕реБрд░рдХреНрд╖рд┐рдд рд╣реИ, рдЕрдлрд╡рд╛рд╣реЛрдВ рд╕реЗ рдЦреБрдж рдХреЛ рджреВрд░

#Covid19IndiaHelp #COVID19India #COVID19 https://t.co/gNi9uza7zL"
28,2021-05-13 10:51:50+00:00,1392794708770910208,"@ZeeNews Afsos ya drd TB hota JB koii apna gya HOTA

Is post ko JB bhii dekhte h log
Dil kaanpta h
Kabhi socha h apni muat ko Apne samne aata DekhЁЯШСЁЯШСЁЯШС

Aise jaane kitne log Roz jeene ki ummed kho rahe Hain
#Covid19IndiaHelp
#ModiMustResign https://t.co/0ackKSgsZS"
29,2021-05-13 10:50:41+00:00,1392794422924832768,"рдЬрдм рдирдП рдХрдкрдбрд╝реЗ рд╕реЗ рдЬреНрдпрд╛рджрд╛ рджреЗрд╢ рдореЗ рдХрдлрди рдмрд┐рдХ рдЬрд╛рдП рд╣рдо рдХреИрд╕реЗ рдИрдж рдордирд╛рдП 
рд╣рдорд╛рд░реА рдИрдж рдЙрд╕ рджрд┐рди рд╣реЛрдЧреА рдЬрдм рджреЗрд╢  рдЦрд╝реБрд╢рд╣рд╛рд▓реА рдХреА рдкрдЯрд░реА рдкрд░ рджреМрдбрд╝реЗрдЧрд╛...
ЁЯШ░ЁЯШ░ЁЯШ░
#Muslim #Eid #EidMubarak #eidmubarak2021 #Covid19IndiaHelp"
30,2021-05-13 10:41:58+00:00,1392792227345100803,"рд╕реЛрд╢рд▓ рдореАрдбрд┐рдпрд╛ рдкрд░ рдкреЛрд╕реНрдЯ рдкрдврд╝рдХрд░ рдбрд╛рдХреНрдЯрд░ рд╕рд╛рдВрд╡рд░рдорд▓ рдмрд╛рдЬрд┐рдпрд╛ рдиреЗ рдЦреБрдж #Plasma рджреЗрдХрд░ рдмрдЪрд╛рдИ рджреВрд╕рд░реЗ рдЕрд╕реНрдкрддрд╛рд▓ рдореЗрдВ рднрд░реНрддреА рд╢реНрдпрд╛рдо рд╕рд┐рдВрд╣ рдирд╛рдо рдХреЗ рдорд░реАрдЬ рдХреА рдЬрд┐рдВрджрдЧреА 

рдЬреЛ рдорд┐рд╕рд╛рд▓ рдбрд╛рдХреНрдЯрд░ рдмрд╛рдЬрд┐рдпрд╛ рдиреЗ рдкреЗрд╢ рдХреА рд╣реИ рд╡реЛ рдирд╛ рдХреЗрд╡рд▓ рдХрд╛рдмрд┐рд▓реЗ рддрд╛рд░реАрдл рд╣реИ рдмрд▓реНрдХрд┐ рдЕрдиреНрдп рд▓реЛрдЧреЛрдВ рдХреЗ рд▓рд┐рдП рднреА рдкреНрд░реЗрд░рдгрд╛ рджрд╛рдпрдХ рд╣реИ

#salute #DrSahab #Covid19IndiaHelp https://t.co/hP58mw6CsC"
31,2021-05-13 10:37:53+00:00,1392791199929442307,"рд╣рд░ рд╕рдВрдХрдЯ рдХреА рдШрдбрд╝реА рдореЗ рднрдЧрд╡рд╛рди рдЬрд░реВрд░ рдХрд┐рд╕реА рдирд╛ рдХрд┐рд╕реА рд░реВрдк рдореЗ рдЖрддреЗ рд╣реИ рдФрд░ рдЗрд╕ рдмрд╛рд░ рд╕реЛрдиреВ рд╕реВрдж рдХреЗ рд░реВрдк рдореЗ рдЖрдП рд╣реИред pure soul рдирд┐рд╕реНрд╡рд╛рд░реНрде рд╕реЗрд╡рд╛ ред рд╕реЛрдиреВ рднрд╛рдИ рдЖрдк рдорд╣рд╛рди рд╣реЛредЁЯЩП
@SonuSood 
#COVID19 #Covid19IndiaHelp"
32,2021-05-13 10:26:02+00:00,1392788219331158019,"рдЕрдлрд╕реЛрд╕ рд╕рд┐рд░реНрдл рдЗрд╕ рдмрд╛рдд рдХрд╛ рд╣реИ рдХрд┐ рдХреБрдЫ рд▓реЛрдЧреЛрдВ рдХреЛ рдЕрдкрдиреА рдФрд░  рд╕рд░рдХрд╛рд░реА рддрдВрддреНрд░ рдХреА рдирд╛рдХрд╛рдореА рдФрд░ рд▓рд╛рдкрд░рд╡рд╛рд╣реА рдЙрдирдХреЗ рдХрд┐рд╕реА  рдЕрдкрдиреЗ рдХреЛ рдЦреЛрдиреЗ рдкрд░ рд╕рдордЭ рдЖ рд░рд╣реАредред 

#PMCares
#COVIDSecondWaveInIndia #Covid19IndiaHelp #CovidIndia @kunalkamra88 @RoflGandhi_  @minimathur @ReallySwara"
33,2021-05-13 10:21:33+00:00,1392787091252080642,"Ab sarkar ka kya vichar hai #cryptocurrency  pr....@VitalikButerin
#PMCaresFund 
#Covid19IndiaHelp 
#COVIDSecondWaveInIndia 
#CovidReliefFund 
@nsitharaman 
@FinMinIndia 
@ianuragthakur 
@PMOIndia 
@narendramodi 
@rashtrapatibhvn 
@cryptonewshindi https://t.co/xQFSUrDcJh"
34,2021-05-13 10:05:18+00:00,1392782998425112581,"Maa #Balayya Bangaaram тЭдя╕П

#NandamuriBalakrishna #Balakrishna #Akhanda #Covid19IndiaHelp https://t.co/4oeFNjZiHy"
35,2021-05-13 09:57:01+00:00,1392780917190496261,#AdgZoneGkr Mr. Akhil Kumar рджреНрд╡рд╛рд░рд╛ рдЬрд┐рд▓рд╛ рдЕрд╕реНрдкрддрд╛рд▓ рдореЗрдВ рдЪрд▓ рд░рд╣реЗ рд╡реИрдХреНрд╕реАрдиреЗрд╢рди рд╕реЗрдВрдЯрд░ рдХрд╛ рдирд┐рд░реАрдХреНрд╖рдг рдХрд░ рд╡реНрдпрд╡рд╕реНрдерд╛рдУрдВ рдХреА рдЬрд╛рдирдХрд╛рд░реА рд▓реА рдЧрдИ рдФрд░ рдЖрд╡рд╢реНрдпрдХ рджрд┐рд╢рд╛ рдирд┐рд░реНрджреЗрд╢ рджрд┐рдП рдЧрдП #COVID19 #COVIDSecondWaveInIndia #Covid19IndiaHelp #COVIDEmergencyIndia #COVIDEmergency #COVIDEmergency2021 #CovidVaccine https://t.co/TemLbwnfWo
36,2021-05-13 09:53:46+00:00,1392780097665388546,"рджреЗрд╢ рдореЗрдВ рдЕрдкрд╛рд░ рд╕рдВрднрд╛рд╡рдирд╛рдПрдВ рд╣реИ рдЖрдЧреЗ рдмрдврд╝рдиреЗ рдХреА 
рдкрд░ рд╣рдо рджрдХрд╝рд┐рдпрд╛рдиреВрд╕реА рд▓реЛрдЧ
рдЧреЛрдмрд░ рдФрд░ рджрд╡рд╛рдИ рдореЗрдВ рдЕрдВрддрд░ рдирд╣реАрдВ рдХрд░ рдкрд╛рдП ред 

  рдЕрдЬрдирдмреА рд░рд╛рдЬрд╛ 
#Covid19IndiaHelp"
37,2021-05-13 09:51:40+00:00,1392779569178955776,#AdgZoneGkr Mr  Akhil Kumar рджреНрд╡рд╛рд░рд╛ рдореЗрдбрд┐рдХрд▓ рдХреЙрд▓реЗрдЬ рд╕реНрдерд┐рдд рдХреЛрд╡рд┐рдб рд╕реЗрдВрдЯрд░ рдХрд╛ рдирд┐рд░реАрдХреНрд╖рдг рдХрд┐рдпрд╛ рдЧрдпрд╛ рд▓реЛрдЧреЛрдВ рд╕реЗ рдмрд╛рдд рдХрд░ рдЙрдирдХреА рд╕рдорд╕реНрдпрд╛рдУрдВ рдХреА рдЬрд╛рдирдХрд╛рд░реА рд▓реА рдЧрдИ рдФрд░ рдЖрд╡рд╢реНрдпрдХ рджрд┐рд╢рд╛ рдирд┐рд░реНрджреЗрд╢ рджрд┐рдП рдЧрдП #COVID19 #COVIDSecondWaveInIndia #Covid19IndiaHelp #COVIDEmergencyIndia #COVIDEmergency #COVIDEmergency2021 https://t.co/cr4hGiQzCq
38,2021-05-13 09:48:59+00:00,1392778894009266177,"рдХреНрдпрд╛ рдХрд╣реЛрдЧреЗ рдЖрдк...
рдХреНрдпрд╛ рдХрд╣ рд╕рдХрддрд╛ рд╣реИ рдХреЛрдИ рднреА рднрд╛рд░рддреАрдп..
ЁЯТФЁЯТФЁЯТФ
#Covid19IndiaHelp https://t.co/K8WDWBnxEm"
39,2021-05-13 09:48:41+00:00,1392778817760993282,#AdgZoneGkr Mr. Akhil Kumar рджреНрд╡рд╛рд░рд╛ рдХрдВрдЯреЗрдирдореЗрдВрдЯ рдЬреЛрди рдирдердорд▓рдкреБрд░ рдерд╛рдирд╛ рдЧреЛрд░рдЦрдирд╛рде рдХрд╛ рдирд┐рд░реАрдХреНрд╖рдг рдХрд░ рдЖрд╡рд╢реНрдпрдХ рджрд┐рд╢рд╛ рдирд┐рд░реНрджреЗрд╢ рджрд┐рдП рдЧрдП #COVID19 #COVIDSecondWaveInIndia #Covid19IndiaHelp #COVIDEmergencyIndia #COVIDEmergency #COVID #COVIDEmergency2021 https://t.co/e7KZm8CDxe https://t.co/2qcCQ2vAug
40,2021-05-13 09:42:41+00:00,1392777307455037445,"рд░реЛрдЬрдЧрд╛рд░ рддреЛ рджреЗ┬ардирд╣реА┬ард╕рдХрддреА┬ардпреЗ┬ард╕рд░рдХрд╛рд░┬а #Covid19IndiaHelp

#COVID19India 
#COVIDIndiaSOS

#COVID19 
#KindAttnPMNarendraModi
#SuperSpreaderModi
#ModiDisasterForIndia 
#ResignModi
#Resign_PM_Modi 
#рдореЛрджреА_рдЗрд╕реНрддреАрдлрд╛_рджреЛ 
#VaccineRegistration 
#cowinregistration https://t.co/KW5csWKBnl"
41,2021-05-13 09:36:57+00:00,1392775867097657346,"Congress Corona Svasth Jankare Kendra Gwalior Me 24 Ghante Shuru JILA ADHYAKSH Devendra Sharma. Call SMS Whatsapp  VishnuKant 9425126069 ,8109030133 FWD Share #Covid19IndiaHelp https://t.co/TMt4GuSugz"
42,2021-05-13 09:31:06+00:00,1392774393923768320,"рд╕реБрдкреНрд░реАрдо рдХреЛрд░реНрдЯ рдиреЗ рдкреНрд░рд╡рд╛рд╕реА рдордЬрджреВрд░реЛрдВ рдХреА рд╕реНрдерд┐рддрд┐ рдкрд░ рдЬрддрд╛рдИ рдЪрд┐рдВрддрд╛, рд╕рд░рдХрд╛рд░ рд╕реЗ рдорд╛рдВрдЧрд╛ рдЬрд╡рд╛рдм
https://t.co/qTMT35990s
@PMOIndia  #CovidIndia  #Covid19IndiaHelp  #migrantlabourers https://t.co/RAUKpQ7gSp"
43,2021-05-13 09:26:59+00:00,1392773357343440896,"@ChakankarSpeaks #рдХрд╛рдВрдЧреНрд░реЗрд╕ рд╣реЛрддреА рддреЛ рдЗрддрдиреЗ рдХрдард┐рди рдирд╛рдо рди рд╣реЛрддреЗ 
рдХреЛрд╡реЗрдХреНрд╕реАрди- рд░рд╛рдЬреАрд╡ рдЯреАрдХрд╛
рд░реЗрдореАрдбреАрд╕рд┐рд╡рд┐рд░- рдЗрдВрджрд┐рд░рд╛ рд╕реБрдИ
рдХреНрд╡рд╛рд░рдВрдЯрд╛рдЗрди- рдиреЗрд╣рд░реВ рдЖрд░рд╛рдо рдпреЛрдЬрдирд╛

#рдХреЛрд░реЛрдирд╛_рдЖрдЬрд╛рд░ #Covid19IndiaHelp #Covishield #Covaxin #рдо #рдорд░рд╛рдареА #рдХреЛрд░реЛрдирд╛"
44,2021-05-13 09:22:20+00:00,1392772185387720707,"рд░рд╛рдЬрдкреБрд░реЛрд╣рд┐рдд рд╕рдорд╛рдЬ рдХреЛрд╡рд┐рдб рд╕рд╣рд╛рдпрддрд╛ рд╕реВрддреНрд░ рдЬрд┐рд▓реЗрд╡рд╛рд░
@Madrassan_Pinky @UmsinghINC @Smraoborli
#Covid19IndiaHelp 
#COVIDEmergency #COVID19Vaccination https://t.co/FaBh41jqca"
45,2021-05-13 09:20:48+00:00,1392771802733023234,"рдХреЛрд░реЛрдирд╛ рд╕реЗ рд▓рдЧрд╛рддрд╛рд░ рдЬрд╛рд░реА рдореМрдд рдХрд╛ рддрд╛рдВрдбрд╡ , 24 рдШрдВрдЯреЗ рдореЗрдВ 4120 рд╕рдВрдХреНрд░рдорд┐рддреЛрдВ рдХреА рдореМрдд 
#NewsJungal #COVID19 #Covid19IndiaHelp https://t.co/yuMof5dkPT"
46,2021-05-13 09:20:00+00:00,1392771601507110916,"рд╕реЛрд╢рд▓ рдореАрдбрд┐рдпрд╛ рдкрд░ рдХреБрдорд╛рд░ рд╡рд┐рд╢реНрд╡рд╛рд╕ рдХреА рдЗрд╕ рдкрд╣рд▓ рдХреЗ рдмрд╛рдж рдЙрдирдХреЗ рдкреНрд░рд╢рдВрд╕рдХреЛрдВ рджреНрд╡рд╛рд░рд╛ рдЙрдирдХреА рдмрд╣реБрдд рддрд╛рд░реАрдл рдХреА рдЬрд╛ рд░рд╣реА рд╣реИ. рдорд╣рд╛рдорд╛рд░реА рдХреЗ рджреМрд░рд╛рди рдЙрдиреНрд╣реЛрдВрдиреЗ рдЕрдкрдиреЗ рдРрд╕реЗ рдкреНрд░рдпрд╛рд╕реЛрдВ рд╕реЗ рдЕрдм рддрдХ рд╕реИрдХрдбрд╝реЛрдВ рд▓реЛрдЧреЛрдВ рдХреА рдЬрд╛рди рдмрдЪрд╛рдИ рд╣реИ.

#KumarVishwas 
#Covid19IndiaHelp 

https://t.co/QbgSF94CTE"
47,2021-05-13 09:18:47+00:00,1392771292684636162,"рдХреГрдкреНрдпрд╛ рдЬрд▓реНрдж рд╕реЗ рдЬрд▓реНрдж  рдорджрдж рдХреАрдЬрд┐рдП ЁЯЩП рдорд░реАрдЬ рдХреА рд╣рд╛рд▓рдд рдЧрдВрднреАрд░ рд╣реИред рдкреНрд▓реАрдЬ......тАжЁЯЩП

@SonuSood
@BajpayeeManoj @SoodFoundation @chitraaum @AalokTweet #Covid19IndiaHelp #COVIDEmergency https://t.co/VHLHtmQv8H"
48,2021-05-13 09:16:23+00:00,1392770687979323398,"рдЧрд╛рдБрд╡реЛ рдХреА рднреА рдЦреИрд░ рдЦрдмрд░ рд▓реЛ рд╕рд░рдХрд╛рд░

#Covid19IndiaHelp https://t.co/kRDw6EY0SK"
49,2021-05-13 09:14:40+00:00,1392770256020459521,"рдЗрд╕ рднреАрд╖рдг рдЖрдкрджрд╛ рдХреЗ рджреМрд░ рдореЗрдВ рд╕рд░рдХрд╛рд░ рджреНрд╡рд╛рд░рд╛ рдХрдИ рд╣реЗрд▓реНрдкрд▓рд╛рдЗрди рдирдВрдмрд░ рдЬрд╛рд░реА рдХрд┐рдП рдЧрдП рдмрдбрд╝реЗ-2 рдЕрдзрд┐рдХрд╛рд░рд┐рдпреЛрдВ рдХреЗ рдирдВрдмрд░ рд╕рд╛рд░реНрд╡рдЬрдирд┐рдХ рдХрд┐рдП рдЧрдП рд▓реЗрдХрд┐рди рдПрдХ рдЖрдо рдЖрджрдореА рдХреА рдЖрд╕ рдЬрдм рд╣рд░ рдЬрдЧрд╣ рд╕реЗ рдЯреВрдЯреА рддреЛ рджреЗрд╡рджреВрдд рдХрд╛ рдХрд╛рд░реНрдп рдХрд┐рдпрд╛ рд╣реИ @112UttarPradesh рдиреЗ..рдЖрдкрдХреА рд╕реЗрд╡рд╛ рднрд╛рд╡рдирд╛ рдХреЛ рджрд┐рд▓ рд╕реЗ рд╕рд▓рд╛рдоЁЯЩП
@Uppolice 
@dgpup 
#Covid19IndiaHelp https://t.co/aTsLT7xmYH"
50,2021-05-13 09:13:45+00:00,1392770025883197441,"2 рдпрд╛ 4 рдХреЛ рдЫреЛрдбрд╝рдХрд░ рд╕рднреА #BlueTwitter рд╣реИрдВрдбрд▓ рдореМрди рдзрд╛рд░рдг рдХрд┐рдпреЗ рдмреИрдареЗ рд╣реИрдВ 
 
рдпрд╣ рд╕рдордп рдЬрдирд╕реЗрд╡рд╛ рдХрд╛ рд╣реИ .....
рдпрд╣ рд╕рдордп рдЬреАрд╡рдирджрд╛рди рджрд┐рд▓рд╛рдиреЗ рдХрд╛ рд╣реИ...
рдпрд╣ рд╕рдордп рднреВрдЦреЗ рдХреЛ рд░реЛрдЯреА рдЦрд┐рд▓рд╛рдиреЗ рдХрд╛ рд╣реИ...
рдпрд╣ рд╕рдордп рдореЗрдбрд┐рдХрд▓ рд╕реЗрд╡рд╛ рдЙрдкрд▓рдмреНрдз рдХрд░рд╛рдиреЗ рдХрд╛ рд╣реИ..

рдХреГрдкрдпрд╛ рдорджрдж рдХрд░рдиреЗ рдХреЗ рд▓рд┐рдП рдЖрдЧреЗ рдЖрдЗрдП ред

#Covid19IndiaHelp
#IndiaFightsCorona"
